username,password,creation_time
aa,aa,2024-07-20T19:24:33.607520200
aaa,aaa,2024-07-20T19:58:38.259864800
anaa,anaa,2024-07-20T20:01:43.568856700
23,23,2024-07-18T19:48:10.750361900
a,a,2024-07-20T19:30:42.588225200
25,2,2024-07-21T00:00:31.196019900
阿纳,ana1,2024-07-20T19:21:40.523066
ana1,ana1,2024-07-20T19:20:33.524141300
2,2,2024-07-20T21:49:25.468834300
234,2,2024-07-20T21:49:50.693899
3,3,2024-07-20T23:00:45.761964500
4,4,2024-07-20T22:49:07.871456900
ana,ciur,2024-07-20T17:42:03.688327
7,7,2024-07-21T00:06:21.773353800
